gene,rna_lfc,rna_p,prot_lfc,prot_p,neglog10p,concordant,transcriptomic,proteomic,genomic,score
FGFR2,-1.7184737678855253,5.837633008982972e-41,-0.7335448237624194,1.2184860973579312e-10,34.096910013008056,True,1.7184737678855253,0.7335448237624194,34.096910013008056,0.9437229437229437
KRT8,1.4722151563328048,7.245473803191284e-32,0.6390085765692657,5.2437973300887485e-24,14.69897000433602,True,1.4722151563328048,0.6390085765692657,14.69897000433602,0.8831168831168831
USHBP1,-2.369586645468999,8.411081530809188e-83,-1.276511620501589,9.658350563107682e-40,8.698970004336019,True,2.369586645468999,1.276511620501589,8.698970004336019,0.8809523809523809
GIPC2,-2.00081081081081,4.00574407406519e-37,-1.1336368766527771,5.4219276141784124e-46,7.397940008672037,True,2.00081081081081,1.1336368766527771,7.397940008672037,0.8474025974025974
CLPTM1L,1.0631425543190307,6.560110172981097e-36,0.4678493093727718,2.2242171879743852e-15,28.0,True,1.0631425543190307,0.4678493093727718,28.0,0.841991341991342
BRCA2,0.9582935877053522,5.860892413536073e-24,-0.6666205185000867,1.0839169283557798e-13,11.096910013008056,False,0.9582935877053522,0.6666205185000867,11.096910013008056,0.8203463203463203
DNAJB4,-1.3748913619501852,1.4097121401207341e-42,-0.7954966738856006,5.324868095580947e-50,7.397940008672037,True,1.3748913619501852,0.7954966738856006,7.397940008672037,0.8170995670995671
CYP1A1,-2.5228510863804976,8.321037587922295e-12,-1.0263645891175668,7.866584567834405e-08,6.301029995663981,True,2.5228510863804976,1.0263645891175668,6.301029995663981,0.8127705627705628
PALM,-1.013680445151035,3.4809437245774723e-22,-0.9696119090849056,1.2380727611777358e-54,8.522878745280337,True,1.013680445151035,0.9696119090849056,8.522878745280337,0.8127705627705627
EPHX2,-0.8362745098039213,3.964884919863945e-17,-0.6527203446840458,1.366249657473837e-25,11.221848749616356,True,0.8362745098039213,0.6527203446840458,11.221848749616356,0.8073593073593073
FRY,-0.9291600423953384,3.51013651387744e-28,-0.6797328427348408,1.1444998801478638e-54,8.397940008672037,True,0.9291600423953384,0.6797328427348408,8.397940008672037,0.7813852813852813
SLC12A7,1.103836777954422,8.18271893387543e-35,0.5639003651508854,3.6502366636384775e-25,7.0,True,1.103836777954422,0.5639003651508854,7.0,0.75
VWF,-2.50960254372019,1.529521596722483e-79,-1.2897984246100138,3.857763868900395e-71,5.522878745280337,True,2.50960254372019,1.2897984246100138,5.522878745280337,0.7456709956709957
ADAMTS7,-0.3981054583995762,2.400133285369054e-05,0.6227433298491036,1.6230661339954196e-11,14.397940008672036,False,0.3981054583995762,0.6227433298491036,14.397940008672036,0.7424242424242423
FADS2,0.6380710121886626,1.231994401440602e-06,0.4534085570611826,4.581601917941752e-06,13.69897000433602,True,0.6380710121886626,0.4534085570611826,13.69897000433602,0.7391774891774892
SASH1,-1.7467673555908885,1.6299769879420234e-72,-0.6912928123508054,7.2821364429494165e-78,6.0,True,1.7467673555908885,0.6912928123508054,6.0,0.7391774891774892
SLK,-0.3920429252782202,1.3483469317416342e-11,0.5797844511111625,1.7651017112354172e-19,16.69897000433602,False,0.3920429252782202,0.5797844511111625,16.69897000433602,0.7370129870129869
COL11A1,6.373200847906729,5.055376142922341e-61,0.8752194958960497,6.635354620341527e-19,5.522878745280337,True,6.373200847906729,0.8752194958960497,5.522878745280337,0.7348484848484849
PRDM6,-1.1232008479067286,8.37961671369097e-26,-0.7206984321999979,8.175042321511945e-17,6.045757490560675,True,1.1232008479067286,0.7206984321999979,6.045757490560675,0.7240259740259739
HLA-DRA,-0.595638579756228,2.5899518467520033e-08,-0.4680500976666154,1.1974933594659294e-15,10.045757490560677,True,0.595638579756228,0.4680500976666154,10.045757490560677,0.7132034632034632
FBXL7,-1.041875993640696,6.023886304667616e-30,-0.747150707189899,9.5850947610707e-08,6.0,True,1.041875993640696,0.747150707189899,6.0,0.7067099567099566
GCLC,0.5177397986221504,0.0001204305363771,-0.5205768131050875,8.26763613996649e-14,9.045757490560677,False,0.5177397986221504,0.5205768131050875,9.045757490560677,0.7056277056277056
BAZ1A,0.423558558558561,1.1677621971159145e-07,0.543244763105162,5.408045364616077e-28,10.045757490560677,True,0.423558558558561,0.543244763105162,10.045757490560677,0.698051948051948
SECISBP2L,-1.339867514573399,3.043869320325906e-55,-0.1346335308716218,5.695659771472125e-08,28.221848749616356,True,1.339867514573399,0.1346335308716218,28.221848749616356,0.6937229437229437
APOM,-0.1596343402225759,0.0257946125682478,-1.1444423064405074,1.0387813074919228e-51,11.30102999566398,True,0.1596343402225759,1.1444423064405074,11.30102999566398,0.672077922077922
IRF4,0.6439878113407538,4.317584794967064e-06,0.4548240955136071,3.220424818099719e-09,7.0,True,0.6439878113407538,0.4548240955136071,7.0,0.6525974025974026
HLA-DPB1,-0.5415606783253857,6.703184458407801e-07,-0.2585314303279713,7.683835336775464e-07,16.30102999566398,True,0.5415606783253857,0.2585314303279713,16.30102999566398,0.6515151515151515
MTX1,0.833312135665075,6.801661317055926e-35,0.4055559858761751,1.2173006776943152e-30,6.698970004336019,True,0.833312135665075,0.4055559858761751,6.698970004336019,0.6515151515151515
TUBA1C,1.2952914679385277,1.754020875808829e-33,0.4040903724454104,4.256034279873655e-40,6.045757490560675,True,1.2952914679385277,0.4040903724454104,6.045757490560675,0.6482683982683982
ROBO2,-2.3470667726550065,1.4549059518796977e-33,-0.464368645799884,8.464089010290294e-12,5.522878745280337,True,2.3470667726550065,0.464368645799884,5.522878745280337,0.6482683982683982
CABLES1,-0.9933068362480116,9.037152660071044e-20,-0.3576172891757024,1.551448204900464e-09,6.522878745280337,True,0.9933068362480116,0.3576172891757024,6.522878745280337,0.645021645021645
TUB,-1.1320482246952857,2.109707877180196e-27,-1.5656786861378085,3.5519349701809937e-36,5.154901959985743,True,1.1320482246952857,1.5656786861378085,5.154901959985743,0.6428571428571429
PARVA,-0.7071727609962881,1.626832218816437e-35,-1.0712876351942864,4.598246807353777e-62,5.522878745280337,True,0.7071727609962881,1.0712876351942864,5.522878745280337,0.6417748917748918
SFTPB,-1.083343932167459,4.862064597253692e-10,-0.2570429924917116,0.0014859942110011,7.698970004336019,True,1.083343932167459,0.2570429924917116,7.698970004336019,0.6396103896103895
MPZL2,0.834867514573391,1.2350958276871532e-12,0.1599444453820391,0.0031726395455933,15.221848749616356,True,0.834867514573391,0.1599444453820391,15.221848749616356,0.6298701298701299
CYP2A6,-0.8744647588765235,0.0004848428084446,0.1139143594249335,0.7487697167019187,20.522878745280337,False,0.8744647588765235,0.1139143594249335,20.522878745280337,0.6298701298701299
FAM53B,-0.6816984631690506,1.274139071147765e-29,-0.2462693496703393,3.051328439480487e-05,10.522878745280336,True,0.6816984631690506,0.2462693496703393,10.522878745280336,0.6255411255411255
TLE3,0.5205299417064158,7.615648647359074e-15,0.4764958357066381,8.902574570438699e-43,6.221848749616356,True,0.5205299417064158,0.4764958357066381,6.221848749616356,0.6060606060606061
SH2B3,-0.7513434022257499,5.2719943300852145e-31,-0.4654880791478671,7.020803409797441e-06,6.0,True,0.7513434022257499,0.4654880791478671,6.0,0.604978354978355
FRMD4A,-0.8547297297297263,1.1978072450417644e-52,-0.483121755536552,2.313779213271274e-28,5.522878745280337,True,0.8547297297297263,0.483121755536552,5.522878745280337,0.5984848484848484
ROR1,-1.2727980922098574,2.419610001580059e-36,-0.58914585005383,8.125973597382992e-27,5.154901959985743,True,1.2727980922098574,0.58914585005383,5.154901959985743,0.5974025974025974
SBF2,-0.5722734499205071,6.259987217490889e-23,-0.5667883281103604,2.0893344378857228e-56,5.698970004336019,True,0.5722734499205071,0.5667883281103604,5.698970004336019,0.5963203463203464
AKR1B10,2.8085744568097524,2.8359655816320927e-14,0.2933993278236921,0.2023843489243175,5.522878745280337,True,2.8085744568097524,0.2933993278236921,5.522878745280337,0.5963203463203463
MYNN,-0.088277689454161,0.0338454530569883,0.4851161822747461,1.2308485109286212e-05,11.69897000433602,False,0.088277689454161,0.4851161822747461,11.69897000433602,0.5887445887445888
PDGFC,0.4016507684154771,4.173073169133074e-07,0.3834964467376573,2.9344900901099107e-08,7.397940008672037,True,0.4016507684154771,0.3834964467376573,7.397940008672037,0.5876623376623377
RAD51B,0.2037413884472698,0.0005656601513676,0.4314520963448424,0.0061263493096664,9.522878745280336,True,0.2037413884472698,0.4314520963448424,9.522878745280336,0.5854978354978355
RTEL1,0.6784737678855368,4.08017898166258e-26,0.1142487253860443,0.0410901289184466,15.522878745280336,True,0.6784737678855368,0.1142487253860443,15.522878745280336,0.5822510822510822
DTNB,0.3496157922628509,5.848984151569211e-07,-0.2408820584263331,1.251509128098698e-05,18.221848749616356,False,0.3496157922628509,0.2408820584263331,18.221848749616356,0.5822510822510822
GMFG,-1.3065103338632724,6.789762507780498e-48,-0.4062525449362764,5.498718498989535e-24,5.3979400086720375,True,1.3065103338632724,0.4062525449362764,5.3979400086720375,0.5811688311688311
SYNE1,-1.5482114467408614,5.813089335597035e-50,-0.4949633285729889,7.809145513017696e-23,5.096910013008056,True,1.5482114467408614,0.4949633285729889,5.096910013008056,0.5779220779220778
SYNE1,-1.5482114467408614,5.813089335597035e-50,-0.4853128048028293,0.0394064491208199,5.096910013008056,True,1.5482114467408614,0.4853128048028293,5.096910013008056,0.5757575757575758
NKD2,-1.361706412294648,2.0194213717303773e-30,-0.1471126511457136,0.2890067472743833,7.0,True,1.361706412294648,0.1471126511457136,7.0,0.5703463203463204
ACVR1B,0.5737307896131423,5.4400200163060495e-12,0.230558814654143,0.0178486144459925,8.698970004336019,True,0.5737307896131423,0.230558814654143,8.698970004336019,0.5692640692640693
SSC5D,0.7337890832008487,1.0334288557530472e-10,-0.5102700822587034,1.0990490172735532e-13,5.3979400086720375,False,0.7337890832008487,0.5102700822587034,5.3979400086720375,0.5681818181818181
DVL1,0.3959432962374123,1.6498584230568354e-08,-0.271341291571244,0.007025474778261,9.30102999566398,False,0.3959432962374123,0.271341291571244,9.30102999566398,0.5681818181818181
BAG6,0.4707445680975048,6.660959095423465e-20,0.2230273945048915,1.5375434881628048e-19,11.30102999566398,True,0.4707445680975048,0.2230273945048915,11.30102999566398,0.5681818181818181
SYNE1,-1.5482114467408614,5.813089335597035e-50,-0.4755003610849048,1.5654282038096262e-28,5.096910013008056,True,1.5482114467408614,0.4755003610849048,5.096910013008056,0.5670995670995671
PAX7,3.790683624801272,7.26163495043335e-18,0.2264616816690174,0.3806782882787409,5.698970004336019,True,3.790683624801272,0.2264616816690174,5.698970004336019,0.5638528138528138
NAALADL2,1.1306995230524617,6.244076622276159e-20,0.3282224135995937,2.609710121646157e-07,5.522878745280337,True,1.1306995230524617,0.3282224135995937,5.522878745280337,0.5616883116883117
NAF1,-0.2091547429782734,5.389640214651911e-06,0.3496662048925525,1.3143802176490058e-14,9.69897000433602,False,0.2091547429782734,0.3496662048925525,9.69897000433602,0.5562770562770563
LPAR1,-0.4771330153683077,3.078871023930461e-07,-0.2800111611180909,0.0003057581425081,7.096910013008056,True,0.4771330153683077,0.2800111611180909,7.096910013008056,0.5551948051948051
RALY,0.2402093269740373,1.888395731208963e-07,0.3950466220826002,6.319241550874723e-30,7.698970004336019,True,0.2402093269740373,0.3950466220826002,7.698970004336019,0.5508658008658008
NLRP1,-0.827763645998937,3.672327012246686e-25,-0.2935130945234276,2.6007013404782743e-11,6.0,True,0.827763645998937,0.2935130945234276,6.0,0.5508658008658008
BPTF,0.0928272390037108,0.0111028715366484,0.3727147045374046,2.9481350576610287e-41,12.0,True,0.0928272390037108,0.3727147045374046,12.0,0.5508658008658008
CCSER1,0.929782723900372,3.117036168741137e-16,0.5548061276286432,4.386112431336635e-12,5.096910013008056,True,0.929782723900372,0.5548061276286432,5.096910013008056,0.5497835497835497
SLK,-0.3920429252782202,1.3483469317416342e-11,-0.1639410355024484,8.07480107578828e-10,16.69897000433602,True,0.3920429252782202,0.1639410355024484,16.69897000433602,0.5465367965367964
AQP3,0.4911234764175933,0.0053207247749752,0.1408597508585438,0.1391502996966994,12.0,True,0.4911234764175933,0.1408597508585438,12.0,0.5432900432900433
MECOM,-0.6088765235824045,6.752149225824992e-07,-0.2538190867674341,0.18151009560318,6.698970004336019,True,0.6088765235824045,0.2538190867674341,6.698970004336019,0.54004329004329
ESF1,0.1103126656067843,0.0353431496019008,0.6106388810991706,1.6918998037890768e-44,6.698970004336019,True,0.1103126656067843,0.6106388810991706,6.698970004336019,0.5389610389610389
CNTLN,-0.78543720190779,3.225755715094892e-28,-0.3682987267410462,1.531718393705089e-05,5.522878745280337,True,0.78543720190779,0.3682987267410462,5.522878745280337,0.5335497835497836
STN1,-0.4432511923688409,1.1068650418701539e-11,-0.1057974765790758,0.0003273818665329,16.69897000433602,True,0.4432511923688409,0.1057974765790758,16.69897000433602,0.5324675324675323
CAPZB,0.060476947535772,0.1166668879564334,-1.288806540059268,4.718698004744033e-65,6.221848749616356,False,0.060476947535772,1.288806540059268,6.221848749616356,0.5303030303030303
UBAC1,-0.0891335453100143,0.0509313431272177,-0.8859424184543907,4.5131008859835265e-53,6.221848749616356,True,0.0891335453100143,0.8859424184543907,6.221848749616356,0.5292207792207793
BPTF,0.0928272390037108,0.0111028715366484,-0.3047085050452321,0.0006447723641934,12.0,False,0.0928272390037108,0.3047085050452321,12.0,0.5248917748917749
SATB1,-0.8467912029676725,1.2719743456813343e-27,-0.4336881552937158,0.049444686352395,5.221848749616356,True,0.8467912029676725,0.4336881552937158,5.221848749616356,0.5238095238095237
RASSF3,-0.5666189719130905,1.1880199781307674e-14,-0.2597022799936263,4.809924401278755e-09,6.221848749616356,True,0.5666189719130905,0.2597022799936263,6.221848749616356,0.5162337662337663
DCBLD1,0.4915182829888689,3.0051143838130115e-11,-0.0137516401755699,0.7680249149952515,22.522878745280337,False,0.4915182829888689,0.0137516401755699,22.522878745280337,0.5108225108225107
SPRED2,0.3246555378908304,2.4806107039022684e-06,-0.1915375928051658,0.0186261830522416,11.522878745280336,False,0.3246555378908304,0.1915375928051658,11.522878745280336,0.5097402597402597
HNF1B,0.1212347641759397,0.3219661370817311,0.1848369542344774,0.0006646213187722,27.154901959985743,True,0.1212347641759397,0.1848369542344774,27.154901959985743,0.5
ETAA1,0.2505961844197184,3.296901310593055e-06,0.5069662737466036,1.0184436849503923e-14,5.698970004336019,True,0.2505961844197184,0.5069662737466036,5.698970004336019,0.49891774891774887
PSMA4,0.3307843137254895,4.026346927757473e-08,0.0609051710830209,0.0004666786661069,81.52287874528034,True,0.3307843137254895,0.0609051710830209,81.52287874528034,0.4913419913419913
NFATC1,-0.7992527821939603,8.661668385010046e-16,-0.3560435118658706,3.451927594929725e-28,5.301029995663981,True,0.7992527821939603,0.3560435118658706,5.301029995663981,0.48917748917748916
HLA-DQA1,-0.4902013778484395,0.0003190634239378,-0.2650552867731853,0.0466053386377368,6.096910013008056,True,0.4902013778484395,0.2650552867731853,6.096910013008056,0.488095238095238
TP63,-0.1757896131425527,0.339843364771517,0.1207182783053521,0.4566886682312638,35.69897000433602,False,0.1757896131425527,0.1207182783053521,35.69897000433602,0.487012987012987
PIK3CB,0.2921542130365644,1.479270798191492e-07,-0.091655335761758,0.0001441597072401,19.221848749616356,False,0.2921542130365644,0.091655335761758,19.221848749616356,0.487012987012987
PDE3A,-0.4990540540540547,0.0003241457655699,-0.3570118032233728,1.4414841766002871e-08,5.522878745280337,True,0.4990540540540547,0.3570118032233728,5.522878745280337,0.4816017316017316
HLA-DRB1,-0.5085002649708521,2.0486147611055096e-05,-0.2400941106061291,0.0002203469856418,6.096910013008056,True,0.5085002649708521,0.2400941106061291,6.096910013008056,0.4686147186147186
TFPI,-0.7772125066242701,2.1446342001731783e-11,-0.3398855772841664,3.353443147267631e-06,5.221848749616356,True,0.7772125066242701,0.3398855772841664,5.221848749616356,0.4675324675324675
DOCK1,0.0409962904080529,0.5429228512800004,-0.5034971452697421,1.1467743899141133e-18,6.301029995663981,False,0.0409962904080529,0.5034971452697421,6.301029995663981,0.4653679653679654
RNLS,-0.3920588235294113,2.974533026239523e-07,-0.2098552470104953,1.4221686540813332e-05,7.0,True,0.3920588235294113,0.2098552470104953,7.0,0.4642857142857143
VTI1A,0.0386989931107581,0.2604585328168659,0.206720497812266,3.251031603017775e-10,23.69897000433602,True,0.0386989931107581,0.206720497812266,23.69897000433602,0.461038961038961
MXRA8,0.4706597774244869,1.5885556795477172e-07,-0.083172579534562,0.09481135789103,9.30102999566398,False,0.4706597774244869,0.083172579534562,9.30102999566398,0.45670995670995673
RFX7,-0.0125649178590325,0.789679532249921,0.4214950377703796,3.9904281332344544e-11,8.096910013008056,False,0.0125649178590325,0.4214950377703796,8.096910013008056,0.45238095238095233
GAREM1,0.1966189719130895,0.0274570269315882,-0.2443397164525968,0.0023240807232862,7.397940008672037,False,0.1966189719130895,0.2443397164525968,7.397940008672037,0.4512987012987013
COPS2,-0.1605431902490703,0.0002524522588319,-0.0854157433926719,6.220437934412573e-09,28.221848749616356,True,0.1605431902490703,0.0854157433926719,28.221848749616356,0.4491341991341991
NTM,0.0681134075251712,0.7734061365510957,-0.5859656862094872,4.0227604515958725e-08,5.698970004336019,False,0.0681134075251712,0.5859656862094872,5.698970004336019,0.4448051948051948
PHLDB1,-0.3246078431372527,1.3985355784557434e-07,-0.3073306551616227,3.2781704562744516e-19,6.0,True,0.3246078431372527,0.3073306551616227,6.0,0.4426406926406926
MPHOSPH6,0.050564387917328,0.4519478076399879,0.2744549260668001,2.3667636334005135e-20,9.0,True,0.050564387917328,0.2744549260668001,9.0,0.4415584415584415
TLE3,0.5205299417064158,7.615648647359074e-15,0.1515775375961031,0.0053914175773467,6.221848749616356,True,0.5205299417064158,0.1515775375961031,6.221848749616356,0.4372294372294372
SYNGR2,0.4529464758876518,6.477813779478151e-13,0.2415269782049206,9.811620337383415e-06,6.0,True,0.4529464758876518,0.2415269782049206,6.0,0.43614718614718617
RNASET2,0.3964016958134611,3.25347479875891e-08,0.3714688267113491,7.564221876638087e-10,5.3979400086720375,True,0.3964016958134611,0.3714688267113491,5.3979400086720375,0.43398268398268397
UBXN4,0.4591308956014845,1.3090187847046156e-22,0.1539041490930665,5.291911952139637e-10,6.301029995663981,True,0.4591308956014845,0.1539041490930665,6.301029995663981,0.43181818181818177
GALK2,-0.1758505564387906,0.0001267032046203,0.1172282394482559,0.0004688475440731,11.522878745280336,False,0.1758505564387906,0.1172282394482559,11.522878745280336,0.4274891774891775
ACTR2,0.178248542660306,0.0002049622657242,-0.0657131464248561,6.142864017331914e-05,16.397940008672037,False,0.178248542660306,0.0657131464248561,16.397940008672037,0.41774891774891776
MINDY4,-0.6335002649708521,1.726879414234999e-16,0.2294653257522826,5.7278111206544e-05,5.3979400086720375,False,0.6335002649708521,0.2294653257522826,5.3979400086720375,0.4101731601731602
DVL1,0.3959432962374123,1.6498584230568354e-08,-0.0200976714484379,0.5440918974542698,9.30102999566398,False,0.3959432962374123,0.0200976714484379,9.30102999566398,0.40800865800865804
FUT2,1.8875702172760995,2.59064041727848e-53,0.0863494521035461,0.7060493892774296,5.301029995663981,True,1.8875702172760995,0.0863494521035461,5.301029995663981,0.4069264069264069
TET3,0.2291785903550582,3.649633720852239e-06,0.5010359526140757,5.201564745827304e-06,5.154901959985743,True,0.2291785903550582,0.5010359526140757,5.154901959985743,0.4025974025974025
MECOM,-0.6088765235824045,6.752149225824992e-07,0.0051033041128751,0.9323610750948944,6.698970004336019,False,0.6088765235824045,0.0051033041128751,6.698970004336019,0.4015151515151515
HLA-DQB1,-0.3513778484366749,0.0165295731889252,-0.0962291222979215,0.4507003191979571,7.221848749616356,True,0.3513778484366749,0.0962291222979215,7.221848749616356,0.40043290043290036
CPNE4,2.3554663487016434,2.0063365250908386e-21,0.0409721650331407,0.7321833922274091,5.3979400086720375,True,2.3554663487016434,0.0409721650331407,5.3979400086720375,0.3971861471861472
DLG2,-0.059684684684683,0.4902885613665989,-0.3568384537721975,6.070630295976535e-08,6.221848749616356,True,0.059684684684683,0.3568384537721975,6.221848749616356,0.395021645021645
MATN1,-0.0827874933757288,0.5009180778815013,0.4324921894437448,0.2379407363262577,5.698970004336019,False,0.0827874933757288,0.4324921894437448,5.698970004336019,0.395021645021645
MORF4L1,-0.3817382087970333,4.329296191983434e-15,0.0566940228890943,0.0167620073685337,8.522878745280337,False,0.3817382087970333,0.0566940228890943,8.522878745280337,0.39285714285714285
FADS1,0.1498675145733994,0.0862047935315487,0.0719750456897006,0.1763779813313373,13.69897000433602,True,0.1498675145733994,0.0719750456897006,13.69897000433602,0.39285714285714285
BABAM1,0.2889798622151556,5.906876148809701e-12,0.0666825886669863,9.783554149959484e-05,8.698970004336019,True,0.2889798622151556,0.0666825886669863,8.698970004336019,0.3831168831168831
MTAP,-0.0054875463698991,0.9381674155217464,-0.1244210203522112,0.0014452510129202,18.522878745280337,True,0.0054875463698991,0.1244210203522112,18.522878745280337,0.380952380952381
NCOA1,-0.6604769475357681,2.972041321995503e-38,-0.257555057736808,3.622771005151915e-20,5.045757490560675,True,0.6604769475357681,0.257555057736808,5.045757490560675,0.37987012987012986
RUNX1,0.981319554848973,2.217342970224585e-33,0.2061263784243696,2.8546712601383796e-10,5.0,True,0.981319554848973,0.2061263784243696,5.0,0.37878787878787873
MAP3K1,-0.0169528351881265,0.730288759804773,0.1687320508806685,9.444857433085456e-09,11.397940008672036,False,0.0169528351881265,0.1687320508806685,11.397940008672036,0.37662337662337664
PIP4K2A,-0.2014970853206161,0.0006617875058444,-0.4569047622182149,8.893967617657097e-32,5.045757490560675,True,0.2014970853206161,0.4569047622182149,5.045757490560675,0.35173160173160173
HLA-B,-0.117432432432432,0.1556237533388801,-0.1805404466029767,0.0131759672378915,6.522878745280337,True,0.117432432432432,0.1805404466029767,6.522878745280337,0.35064935064935066
SMIM13,0.0335559088500279,0.5600545826987302,0.2678984896968447,0.025339392777831,6.221848749616356,True,0.0335559088500279,0.2678984896968447,6.221848749616356,0.34523809523809523
MTUS1,-0.0534870164281926,0.4919045819718005,0.38339352552164,5.561193088902123e-11,5.522878745280337,False,0.0534870164281926,0.38339352552164,5.522878745280337,0.3409090909090909
DTWD1,-0.1678457869634328,0.0005291407936515,-0.0426787363729502,0.3061709850462848,8.045757490560675,True,0.1678457869634328,0.0426787363729502,8.045757490560675,0.3203463203463204
ATXN2,0.028953365129837,0.5701229642443887,0.2899048569882856,2.7478485309848666e-21,6.0,True,0.028953365129837,0.2899048569882856,6.0,0.3181818181818181
DOCK1,0.0409962904080529,0.5429228512800004,-0.2040916458496042,3.04677174773453e-11,6.301029995663981,False,0.0409962904080529,0.2040916458496042,6.301029995663981,0.30952380952380953
ATXN2,0.028953365129837,0.5701229642443887,-0.2663583443248171,0.0243669085833179,6.0,False,0.028953365129837,0.2663583443248171,6.0,0.30735930735930733
TASP1,-0.0012612612612592,0.9784829170668884,-0.2208569442246568,2.7937581977945246e-10,6.698970004336019,True,0.0012612612612592,0.2208569442246568,6.698970004336019,0.3051948051948052
RELB,0.4051960784313717,3.108270774138646e-05,0.16502665244556,7.056167490749252e-08,5.221848749616356,True,0.4051960784313717,0.16502665244556,5.221848749616356,0.30086580086580084
MICAL2,0.1954928457869638,0.0083618793144093,0.1959193803998566,4.035222178770571e-06,5.522878745280337,True,0.1954928457869638,0.1959193803998566,5.522878745280337,0.29653679653679654
DCTN4,0.0231902490726003,0.6171584771592623,-0.1449948006121717,2.8979565738693554e-18,7.096910013008056,False,0.0231902490726003,0.1449948006121717,7.096910013008056,0.29329004329004327
MICAL2,0.1954928457869638,0.0083618793144093,-0.1804463890431078,0.0148003843717481,5.522878745280337,False,0.1954928457869638,0.1804463890431078,5.522878745280337,0.28787878787878785
ANP32A,-0.1955776364599906,5.809513280262215e-06,0.2651404176780609,8.506598884153734e-12,5.154901959985743,False,0.1955776364599906,0.2651404176780609,5.154901959985743,0.28787878787878785
EFCAB2,-0.0370508744038158,0.5433931890706443,-0.3948467013981063,0.0007396304158262,5.221848749616356,True,0.0370508744038158,0.3948467013981063,5.221848749616356,0.2813852813852814
CCDC85C,-0.3098092209856915,1.3657591459463244e-11,-0.1535019895770734,0.0009749057114289,5.3979400086720375,True,0.3098092209856915,0.1535019895770734,5.3979400086720375,0.2803030303030303
STIM2,-0.3318839427662965,2.215111814368347e-11,-0.074291813741906,0.0110655292103954,5.698970004336019,True,0.3318839427662965,0.074291813741906,5.698970004336019,0.2803030303030303
ATM,-0.0305511393746673,0.4724485663812985,0.021868412921822,0.4635871324098095,9.522878745280336,False,0.0305511393746673,0.021868412921822,9.522878745280336,0.27813852813852813
LPCAT1,0.2207896131425535,0.0966566424942797,0.2120178634171218,0.0014388715136374,5.221848749616356,True,0.2207896131425535,0.2120178634171218,5.221848749616356,0.27056277056277056
CAST,-0.1154504504504476,0.046216597213852,-0.2590903507503452,0.0003891757289283,5.221848749616356,True,0.1154504504504476,0.2590903507503452,5.221848749616356,0.26406926406926406
CHD2,-0.065206677265504,0.1401168987927909,0.2558675451794179,6.731294856770618e-26,5.3979400086720375,False,0.065206677265504,0.2558675451794179,5.3979400086720375,0.2608225108225108
RAB31,-0.1654822469528305,0.0224366137215738,-0.0888048509301626,0.0255848248635209,6.0,True,0.1654822469528305,0.0888048509301626,6.0,0.2586580086580086
CAST,-0.1154504504504476,0.046216597213852,-0.2542652927634491,0.1072770943771207,5.221848749616356,True,0.1154504504504476,0.2542652927634491,5.221848749616356,0.2532467532467532
MLLT3,-0.0145124536301004,0.8536059509021292,0.2926483180266357,6.04597889087458e-07,5.3979400086720375,False,0.0145124536301004,0.2926483180266357,5.3979400086720375,0.25
CAPZB,0.060476947535772,0.1166668879564334,0.0838769706376062,2.0358559182170304e-06,6.221848749616356,True,0.060476947535772,0.0838769706376062,6.221848749616356,0.23809523809523808
TBC1D5,-0.371788553259142,7.165385108902567e-19,-0.0946942537920979,3.0718221543626204e-05,5.221848749616356,True,0.371788553259142,0.0946942537920979,5.221848749616356,0.23593073593073594
MIGA1,-0.0520826709062003,0.1409396107168226,0.0517923105527961,0.2386949211166731,6.522878745280337,False,0.0520826709062003,0.0517923105527961,6.522878745280337,0.22943722943722944
HHIPL1,0.3274907260201392,0.0008114903520358,0.0643117799963843,0.6032742694890149,5.3979400086720375,True,0.3274907260201392,0.0643117799963843,5.3979400086720375,0.22402597402597402
SVIP,0.0317726550079484,0.5914876151829576,-0.3255100211745075,3.5957045988410306e-12,5.096910013008056,False,0.0317726550079484,0.3255100211745075,5.096910013008056,0.22294372294372292
UBE4A,0.2483783783783764,1.418189479316734e-07,0.0870192511744612,0.0003018228200965,5.301029995663981,True,0.2483783783783764,0.0870192511744612,5.301029995663981,0.21645021645021642
NUMBL,0.1813778484366697,0.0079554883687698,-0.134250273645189,0.0008931215896204,5.154901959985743,False,0.1813778484366697,0.134250273645189,5.154901959985743,0.19264069264069264
C1D,0.0168733439321684,0.7291485117762952,0.0992200261150595,0.0812354872616836,6.0,True,0.0168733439321684,0.0992200261150595,6.0,0.19155844155844154
CAST,-0.1154504504504476,0.046216597213852,-0.1253865598741267,0.0005438574334353,5.221848749616356,True,0.1154504504504476,0.1253865598741267,5.221848749616356,0.17965367965367968
SEMA3C,0.0786539480657104,0.4557815985192404,-0.0813906162757484,0.0485516381882197,5.3979400086720375,False,0.0786539480657104,0.0813906162757484,5.3979400086720375,0.1525974025974026
