gene	neglog10p
ACTR2	16.397940008672037
ACTRT3	11.69897000433602
ACVR1B	8.698970004336019
ADAMTS7	14.397940008672036
AJAP1	5.221848749616356
AK5	15.397940008672036
AK6P1	5.301029995663981
AKR1B10	5.522878745280337
ANP32A	5.154901959985743
APOM	11.30102999566398
AQP3	12.0
AQP7	12.0
ASIC2	5.301029995663981
ASIP	8.522878745280337
ATM	9.522878745280336
ATP5MC1P3	19.221848749616356
ATP8B4	8.045757490560675
ATXN2	6.0
ATXN2-AS	5.301029995663981
B3GAT1	5.045757490560675
BABAM1	8.698970004336019
BAG6	11.30102999566398
BAZ1A	10.045757490560677
BCL6-AS1	5.522878745280337
BPTF	12.0
BRCA2	11.096910013008056
BTNL2	16.0
C11orf65	9.522878745280336
C1D	6.0
C5orf67	11.397940008672036
C6orf52	5.096910013008056
CABLES1	6.522878745280337
CALCRL-AS1	5.221848749616356
CAPZB	6.221848749616356
CAST	5.221848749616356
CCDC179	5.096910013008056
CCDC26	5.522878745280337
CCDC85C	5.3979400086720375
CCSER1	5.096910013008056
CD83P1	5.522878745280337
CDCA7	5.698970004336019
CDKN2A-AS1	5.221848749616356
CDKN2B-AS1	12.0
CEACAM21	6.522878745280337
CEACAMP3	6.522878745280337
CHASERR	5.3979400086720375
CHD2	5.3979400086720375
CHRNA3	50.69897000433602
CHRNA5	81.52287874528034
CHRNB4	25.221848749616356
CLPTM1L	28.0
CNTLN	5.522878745280337
CNTNAP5	5.096910013008056
COL11A1	5.522878745280337
COPS2	28.221848749616356
COX7CP3	7.698970004336019
CPNE4	5.3979400086720375
CSMD3	5.301029995663981
CYP1A1	6.301029995663981
CYP1A2	6.301029995663981
CYP2A6	20.522878745280337
DCBLD1	22.522878745280337
DCTN4	7.096910013008056
DLG2	6.221848749616356
DNAJB4	7.397940008672037
DOCK1	6.301029995663981
DTNB	18.221848749616356
DTWD1	8.045757490560675
DVL1	9.30102999566398
E2F5-DT	5.221848749616356
EFCAB2	5.221848749616356
EIF4EP4	5.3979400086720375
ELOBP3	5.154901959985743
EPHA7	5.096910013008056
EPHB1	6.698970004336019
EPHX2	11.221848749616356
ERBB4	5.698970004336019
ERICH6B	6.698970004336019
ESF1	6.698970004336019
ETAA1	5.698970004336019
FADS1	13.69897000433602
FADS2	13.69897000433602
FAM227B	13.522878745280336
FAM53B	10.522878745280336
FBXL7	6.0
FGF7	13.522878745280336
FGFR2	34.096910013008056
FOXP1	5.698970004336019
FOXP4-AS1	13.397940008672036
FRMD4A	5.522878745280337
FRY	8.397940008672037
FUT2	5.301029995663981
GALK2	11.522878745280336
GAPDHP68	7.096910013008056
GAREM1	7.397940008672037
GBA1LP	6.698970004336019
GCLC	9.045757490560677
GCLC-AS1	7.397940008672037
GCNT2P1	5.096910013008056
GIPC2	7.397940008672037
GMFG	5.3979400086720375
GPR37	9.154901959985745
GULOP	11.221848749616356
GUSBP18	5.045757490560675
HHIPL1	5.3979400086720375
HLA-B	6.522878745280337
HLA-DPA2	16.30102999566398
HLA-DPB1	16.30102999566398
HLA-DQA1	6.096910013008056
HLA-DQB1	7.221848749616356
HLA-DRA	10.045757490560677
HLA-DRB1	6.096910013008056
HLA-F-AS1	13.096910013008056
HLA-H	5.522878745280337
HNF1B	27.154901959985743
HNRNPA1P53	5.698970004336019
HSD17B2-AS1	8.698970004336019
INMT-MINDY4	5.3979400086720375
IRF4	7.0
JCHAINP1	5.221848749616356
KCNH1	7.0
KCTD8	7.698970004336019
KRT8	14.69897000433602
LARP7P4	5.301029995663981
LHX3	5.3979400086720375
LINC00320	5.221848749616356
LINC00399	6.522878745280337
LINC00502	5.698970004336019
LINC00511	5.522878745280337
LINC00561	7.397940008672037
LINC00676	6.522878745280337
LINC00824	12.69897000433602
LINC01080	5.522878745280337
LINC01350	5.522878745280337
LINC01623	7.698970004336019
LINC01648	5.698970004336019
LINC01812	5.522878745280337
LINC01828	6.3979400086720375
LINC01829	6.3979400086720375
LINC01891	6.221848749616356
LINC01956	6.154901959985743
LINC01997	6.698970004336019
LINC02101	6.154901959985743
LINC02225	6.154901959985743
LINC02237	7.0
LINC02261	5.698970004336019
LINC02373	5.522878745280337
LINC02378	5.301029995663981
LINC02392	6.698970004336019
LINC02421	5.045757490560675
LINC02475	7.698970004336019
LINC02483	5.522878745280337
LINC02500	5.301029995663981
LINC02562	5.522878745280337
LINC02571	6.522878745280337
LINC02645	6.3979400086720375
LINC02781	5.221848749616356
LINC02782	7.397940008672037
LINC02789	5.3979400086720375
LINC02793	5.0
LINC02831	5.698970004336019
LINC02945	5.045757490560675
LMCD1-AS1	6.221848749616356
LMO7DN	7.397940008672037
LPAR1	7.096910013008056
LPCAT1	5.221848749616356
LRFN1	5.3979400086720375
LRRC2	5.221848749616356
MALRD1	5.522878745280337
MAP3K1	11.397940008672036
MATN1	5.698970004336019
MCCD1P1	5.522878745280337
MCRIP2P2	5.522878745280337
MDGA2	5.522878745280337
MECOM	6.698970004336019
MICAL2	5.522878745280337
MICC	6.301029995663981
MIGA1	6.522878745280337
MINDY4	5.3979400086720375
MIR3939	5.3979400086720375
MIR3974	5.3979400086720375
MIR4425	5.0
MIR4454	9.69897000433602
MIR4457	28.0
MIR4689	7.397940008672037
MIR548BAHG	5.154901959985743
MIR5702	5.3979400086720375
MLLT3	5.3979400086720375
MOG	6.045757490560675
MORF4L1	8.522878745280337
MPHOSPH6	9.0
MPZL2	15.221848749616356
MPZL3	25.69897000433602
MRPS18BP2	6.522878745280337
MTAP	18.522878745280337
MTCO2P25	5.301029995663981
MTCO3P1	7.221848749616356
MTCYBP36	5.096910013008056
MTUS1	5.522878745280337
MTX1	6.698970004336019
MUSK	7.096910013008056
MXRA8	9.30102999566398
MYEOV	13.397940008672036
MYNN	11.69897000433602
NAALADL2	5.522878745280337
NAF1	9.69897000433602
NCOA1	5.045757490560675
NDUFB5P1	5.221848749616356
NEK10	8.698970004336019
NFATC1	5.301029995663981
NKAIN2	5.221848749616356
NKD2	7.0
NLRP1	6.0
NMNAT1P2	6.3979400086720375
NOP56P1	7.698970004336019
NRG1	19.221848749616356
NRXN1-DT	5.698970004336019
NTM	5.698970004336019
NUDT9P1	5.698970004336019
NUMBL	5.154901959985743
NWD2	6.154901959985743
NXPH1	7.096910013008056
NYAP2	5.3979400086720375
OLFM3	5.522878745280337
OR52T1P	5.698970004336019
P2RY6	5.698970004336019
PALM	8.522878745280337
PARVA	5.522878745280337
PAX7	5.698970004336019
PDCD6P1	6.0
PDE3A	5.522878745280337
PDGFC	7.397940008672037
PDGFDDN	7.522878745280337
PGR-AS1	5.045757490560675
PHLDB1	6.0
PIK3CB	19.221848749616356
PIP4K2A	5.045757490560675
PNPT1P2	5.522878745280337
POLR1H	5.301029995663981
POLR1HASP	5.522878745280337
POT1-AS1	10.0
PRDM6	6.045757490560675
PRIM2BP	5.096910013008056
PSMA4	81.52287874528034
PVT1	6.0
RAB31	6.0
RAD51B	9.522878745280336
RAI14-DT	5.045757490560675
RALY	7.698970004336019
RASSF3	6.221848749616356
RELB	5.221848749616356
RERGL	5.154901959985743
RFX3-DT	5.3979400086720375
RFX7	8.096910013008056
RN7SKP101	5.3979400086720375
RN7SKP277	5.522878745280337
RN7SL151P	18.522878745280337
RN7SL423P	6.045757490560675
RN7SL569P	5.096910013008056
RNA5SP144	5.301029995663981
RNA5SP173	5.221848749616356
RNA5SP178	6.0
RNASET2	5.3979400086720375
RNF217-AS1	5.221848749616356
RNFT1P2	6.3979400086720375
RNLS	7.0
RNU4-37P	7.0
RNU6-102P	9.154901959985745
RNU6-351P	10.0
RNU6-471P	5.522878745280337
RNU6-637P	15.69897000433602
RNU6-675P	5.154901959985743
RNU6-745P	6.221848749616356
RNU6-778P	5.301029995663981
RNU6-788P	5.698970004336019
RNU6-832P	5.301029995663981
RNU6-842P	5.221848749616356
RNY4	5.096910013008056
ROBO2	5.522878745280337
ROR1	5.154901959985743
RPL10L	5.522878745280337
RPL12P6	10.045757490560677
RPL17P25	5.221848749616356
RPL9P13	6.522878745280337
RPPH1-3P	7.397940008672037
RPS19P6	5.221848749616356
RPS20P25	5.221848749616356
RPS2P1	8.522878745280337
RPS2P18	5.698970004336019
RPS3AP1	5.221848749616356
RPSAP72	5.221848749616356
RTEL1	15.522878745280336
RTEL1-TNFRSF6B	15.522878745280336
RUNX1	5.0
RYR1	5.154901959985743
SAMD5	6.0
SASH1	6.0
SATB1	5.221848749616356
SBF2	5.698970004336019
SBK2	5.3979400086720375
SDHAP3	6.0
SDHDP3	8.301029995663981
SECISBP2L	28.221848749616356
SEMA3C	5.3979400086720375
SEMA6D	5.3979400086720375
SETP16	7.698970004336019
SFTPB	7.698970004336019
SGO1-AS1	5.0
SH2B3	6.0
SLC12A7	7.0
SLC1A3-AS1	5.698970004336019
SLC24A2	5.3979400086720375
SLC52A1	5.301029995663981
SLC7A15P	5.698970004336019
SLK	16.69897000433602
SMIM13	6.221848749616356
SMIM38	13.397940008672036
SPRED2	11.522878745280336
SSC5D	5.3979400086720375
STIM2	5.698970004336019
STN1	16.69897000433602
SUMO2P1	6.045757490560675
SVIP	5.096910013008056
SYNE1	5.096910013008056
SYNGR2	6.0
TANK-AS1	6.045757490560675
TASP1	6.698970004336019
TBC1D5	5.221848749616356
TEKT5	6.221848749616356
TENM3-AS1	5.301029995663981
TERC	15.69897000433602
TERT	109.69897000433602
TET2	10.0
TET3	5.154901959985743
TEX51	5.154901959985743
TFPI	5.221848749616356
THORLNC	6.154901959985743
TIMM17BP1	5.301029995663981
TLDC2	5.3979400086720375
TLE3	6.221848749616356
TMEM218	5.221848749616356
TMEM250	5.3979400086720375
TP63	35.69897000433602
TPRG1	35.69897000433602
TRMT9B	5.221848749616356
TSBP1-AS1	16.0
TUB	5.154901959985743
TUBA1C	6.045757490560675
U3	6.3979400086720375
UBAC1	6.221848749616356
UBE2E1-AS1	5.698970004336019
UBE4A	5.301029995663981
UBQLN1P1	6.301029995663981
UBXN4	6.301029995663981
USHBP1	8.698970004336019
VTI1A	23.69897000433602
VWF	5.522878745280337
WSCD1	6.0
Y_RNA	5.3979400086720375
ZNF970P	5.301029995663981
ZZZ3	5.698970004336019
